{"cameraMode":{"drawMode":0,"name":"Shaded","section":"Shading Mode"},"sceneLighting":true,"audioPlay":false,"sceneViewState":{"showFog":true,"showMaterialUpdate":false,"showSkybox":true,"showFlares":true,"showImageEffects":true,"showParticleSystems":true},"in2DMode":false,"pivot":{"x":5.60568380355835,"y":-1.0747015476226807,"z":15.856807708740235},"rotation":{"x":0.07008073478937149,"y":0.13721555471420289,"z":-0.009732511825859547,"w":0.9880111217498779},"size":22.0,"orthographic":false}