{"cameraMode":{"drawMode":0,"name":"Shaded","section":"Shading Mode"},"sceneLighting":false,"audioPlay":false,"sceneViewState":{"showFog":true,"showMaterialUpdate":false,"showSkybox":true,"showFlares":true,"showImageEffects":true,"showParticleSystems":true},"in2DMode":false,"pivot":{"x":-0.14211833477020265,"y":0.3428562879562378,"z":0.8569860458374023},"rotation":{"x":-0.15994863212108613,"y":0.1407337486743927,"z":-0.023045899346470834,"w":-0.9767698645591736},"size":5.940778732299805,"orthographic":false}