{"cameraMode":{"drawMode":0,"name":"Shaded","section":"Shading Mode"},"sceneLighting":false,"audioPlay":false,"sceneViewState":{"showFog":true,"showMaterialUpdate":false,"showSkybox":true,"showFlares":true,"showImageEffects":true,"showParticleSystems":true},"in2DMode":false,"pivot":{"x":1.9638738632202149,"y":1.3137816190719605,"z":0.5979585647583008},"rotation":{"x":-0.09924282878637314,"y":-0.4464520215988159,"z":0.04990144819021225,"w":-0.8878859281539917},"size":5.640778541564941,"orthographic":false}