{"cameraMode":{"drawMode":0,"name":"Shaded","section":"Shading Mode"},"sceneLighting":false,"audioPlay":false,"sceneViewState":{"showFog":true,"showMaterialUpdate":false,"showSkybox":true,"showFlares":true,"showImageEffects":true,"showParticleSystems":true},"in2DMode":false,"pivot":{"x":-0.10199999809265137,"y":0.565500020980835,"z":-1.1855000257492066},"rotation":{"x":-0.15994863212108613,"y":0.1407337486743927,"z":-0.023045899346470834,"w":-0.9767698645591736},"size":23.43886947631836,"orthographic":false}