{"cameraMode":{"drawMode":0,"name":"Shaded","section":"Shading Mode"},"sceneLighting":false,"audioPlay":false,"sceneViewState":{"showFog":true,"showMaterialUpdate":false,"showSkybox":true,"showFlares":true,"showImageEffects":true,"showParticleSystems":true},"in2DMode":false,"pivot":{"x":-0.6261060237884522,"y":1.0816314220428467,"z":1.8789429664611817},"rotation":{"x":-0.1546817570924759,"y":0.11147922277450562,"z":-0.017569206655025483,"w":-0.9814974665641785},"size":5.940778732299805,"orthographic":false}